601058,赛轮轮胎
002758,华通医药
688058,宝兰德
002958,青农商行
600958,东方证券
600258,首旅酒店
300058,蓝色光标
300158,振东制药
603158,XD腾龙股
600758,辽宁能源
002058,威 尔 泰
600658,电子城
300658,延江股份
000158,常山北明
000058,深 赛 格
002658,雪迪龙
601958,金钼股份
000958,东方能源
603058,永吉股份
002558,巨人网络
601858,中国科传
002158,汉钟精机
002458,益生股份
000658,ST海洋
002258,利尔化学
300758,七彩化学
600458,XD时代新
600558,大西洋
601658,邮储银行
603758,秦安股份
603558,健盛集团
688558,国盛智科
688158,优刻得-W
600158,中体产业
300258,精锻科技
688358,祥生医疗
600058,五矿发展
603458,勘设股份
002858,力盛赛车
000558,莱茵体育
603258,电魂网络
300458,全志科技
601158,重庆水务
000758,中色股份
688258,卓易信息
600358,*ST联合
603858,步长制药
002358,森源电气
603358,华达科技
603958,哈森股份
300358,楚天科技
603658,安图生物
600858,银座股份
601258,ST庞大
300558,贝达药业
000858,五 粮 液
601558,退市锐电
